{"animations":[{"name":"resting","property":"position","framePerSecond":60,"dataType":1,"loopBehavior":1,"blendingSpeed":0.01,"keys":[{"frame":0,"values":[-0.0875515141137704,0.15870033483848697,0.07303888124387625,[0,0,0],[0,0,0]]},{"frame":50.325134516850255,"values":[-0.0853262554923909,0.19482662868433986,0.0859408575575714,[-0.000036725735280733474,0.00001949415307793325,-0.000045581291172580455],[-0.000036725735280733474,0.00001949415307793325,-0.000045581291172580455]]},{"frame":98.54751196304764,"values":[-0.08750644330127058,0.15883890006178625,0.0730740372324068,[0,0,0],[0,0,0]]}],"ranges":[]}]}