{"animations":[{"name":"resting","property":"position","framePerSecond":60,"dataType":1,"loopBehavior":1,"blendingSpeed":0.01,"keys":[{"frame":0,"values":[0.0564989745616907,0.1798921525478363,0.04157509282231331,[0,0,0],[0,0,0]]},{"frame":49.959476176257304,"values":[0.06382779013479341,0.20410342694161954,0.0409139151591853,[3.6095213540809044e-7,2.1517613969269933e-8,2.9322092953210695e-7],[3.6095213540809044e-7,2.1517613969269933e-8,2.9322092953210695e-7]]},{"frame":100,"values":[0.056523038053191206,0.17989358705637654,0.041594640897122705,[0,0,0],[0,0,0]]}],"ranges":[]}]}